{
"lengthUnit": "mil",
"remark": [],
"components": {
	"fields": ["COMPONENT_NO", "COMPONENT_NAME", "LAYER", "X_COORDINATE", "Y_COORDINATE", "ANGLE"],
	"rows": [
		[1, "Q3", "B", 644, -373.376, 180],
		[2, "U1", "B", 645, -525, 180],
		[3, "U2", "B", 645, -225, 180],
		[4, "PAD1", "B", 682.39, -432.431, 0],
		[5, "PAD2", "B", 656.79, -432.431, 0],
		[6, "PAD3", "B", 631.2, -432.431, 0],
		[7, "PAD4", "B", 605.61, -432.431, 0],
		[8, "PAD5", "B", 605.61, -314.321, 0],
		[9, "PAD6", "B", 631.2, -314.321, 0],
		[10, "PAD7", "B", 656.79, -314.321, 0],
		[11, "PAD8", "B", 682.39, -314.321, 0],
		[12, "PAD9", "B", 644, -355.656, 0],
		[13, "PAD10", "T", 695, -525, 0],
		[14, "PAD10", "B", 695, -525, 0],
		[15, "PAD11", "T", 595, -525, 0],
		[16, "PAD11", "B", 595, -525, 0],
		[17, "PAD12", "T", 695, -225, 0],
		[18, "PAD12", "B", 695, -225, 0],
		[19, "PAD13", "T", 595, -225, 0],
		[20, "PAD13", "B", 595, -225, 0]
	]
},
"pins": {
	"fields": ["PIN_NO", "PIN_NAME", "PIN_X", "PIN_Y", "LAYER", "PIN_TYPE", "NET_NAME", "NET_TYPE", "PAD_SHAPE", "PAD_SIZEX", "PAD_SIZEY", "HOLE_SIZE", "HOLE_LEN", "PAD_ANGLE"],
	"rows": [
		[1, "Q3_1", 682.39, -432.431, "B", "SMD", "$1N659", "", "R", 17.717, 39.37, 0, 0, 180],
		[2, "Q3_2", 656.79, -432.431, "B", "SMD", "$1N659", "", "R", 17.717, 39.37, 0, 0, 180],
		[3, "Q3_3", 631.2, -432.431, "B", "SMD", "$1N659", "", "R", 17.717, 39.37, 0, 0, 180],
		[4, "Q3_4", 605.61, -432.431, "B", "SMD", "$1N680", "", "R", 17.717, 39.37, 0, 0, 180],
		[5, "Q3_5", 605.61, -314.321, "B", "SMD", "$1N733", "", "R", 17.717, 39.37, 0, 0, 180],
		[6, "Q3_5", 631.2, -314.321, "B", "SMD", "$1N733", "", "R", 17.717, 39.37, 0, 0, 180],
		[7, "Q3_5", 656.79, -314.321, "B", "SMD", "$1N733", "", "R", 17.717, 39.37, 0, 0, 180],
		[8, "Q3_5", 682.39, -314.321, "B", "SMD", "$1N733", "", "R", 17.717, 39.37, 0, 0, 180],
		[9, "Q3_5", 644, -355.656, "B", "SMD", "$1N733", "", "R", 98.425, 70.866, 0, 0, 0],
		[10, "U1_1", 695, -525, "T", "DIP", "$1N659", "", "R", 78.74, 78.74, 47.244, 47.244, 180],
		[11, "U1_1", 695, -525, "B", "DIP", "$1N659", "", "R", 78.74, 78.74, 47.244, 47.244, 180],
		[12, "U1_2", 595, -525, "T", "DIP", "$1N680", "", "C", 78.74, 78.74, 47.244, 47.244, 180],
		[13, "U1_2", 595, -525, "B", "DIP", "$1N680", "", "C", 78.74, 78.74, 47.244, 47.244, 180],
		[14, "U2_1", 695, -225, "T", "DIP", "$1N733", "", "R", 78.74, 78.74, 47.244, 47.244, 180],
		[15, "U2_1", 695, -225, "B", "DIP", "$1N733", "", "R", 78.74, 78.74, 47.244, 47.244, 180],
		[16, "U2_2", 595, -225, "T", "DIP", "$1N733", "", "C", 78.74, 78.74, 47.244, 47.244, 180],
		[17, "U2_2", 595, -225, "B", "DIP", "$1N733", "", "C", 78.74, 78.74, 47.244, 47.244, 180],
		[18, "PAD1_1", 682.39, -432.431, "B", "SMD", "$1N659", "", "R", 17.717, 39.37, 0, 0, 180],
		[19, "PAD2_2", 656.79, -432.431, "B", "SMD", "$1N659", "", "R", 17.717, 39.37, 0, 0, 180],
		[20, "PAD3_3", 631.2, -432.431, "B", "SMD", "$1N659", "", "R", 17.717, 39.37, 0, 0, 180],
		[21, "PAD4_4", 605.61, -432.431, "B", "SMD", "$1N680", "", "R", 17.717, 39.37, 0, 0, 180],
		[22, "PAD5_5", 605.61, -314.321, "B", "SMD", "$1N733", "", "R", 17.717, 39.37, 0, 0, 180],
		[23, "PAD6_5", 631.2, -314.321, "B", "SMD", "$1N733", "", "R", 17.717, 39.37, 0, 0, 180],
		[24, "PAD7_5", 656.79, -314.321, "B", "SMD", "$1N733", "", "R", 17.717, 39.37, 0, 0, 180],
		[25, "PAD8_5", 682.39, -314.321, "B", "SMD", "$1N733", "", "R", 17.717, 39.37, 0, 0, 180],
		[26, "PAD9_5", 644, -355.656, "B", "SMD", "$1N733", "", "R", 98.425, 70.866, 0, 0, 0],
		[27, "PAD10_1", 695, -525, "T", "DIP", "$1N659", "", "R", 78.74, 78.74, 47.244, 47.244, 180],
		[28, "PAD10_1", 695, -525, "B", "DIP", "$1N659", "", "R", 78.74, 78.74, 47.244, 47.244, 180],
		[29, "PAD11_2", 595, -525, "T", "DIP", "$1N680", "", "C", 78.74, 78.74, 47.244, 47.244, 180],
		[30, "PAD11_2", 595, -525, "B", "DIP", "$1N680", "", "C", 78.74, 78.74, 47.244, 47.244, 180],
		[31, "PAD12_1", 695, -225, "T", "DIP", "$1N733", "", "R", 78.74, 78.74, 47.244, 47.244, 180],
		[32, "PAD12_1", 695, -225, "B", "DIP", "$1N733", "", "R", 78.74, 78.74, 47.244, 47.244, 180],
		[33, "PAD13_2", 595, -225, "T", "DIP", "$1N733", "", "C", 78.74, 78.74, 47.244, 47.244, 180],
		[34, "PAD13_2", 595, -225, "B", "DIP", "$1N733", "", "C", 78.74, 78.74, 47.244, 47.244, 180]
	]
}
}